{"cameraMode":{"drawMode":0,"name":"Shaded","section":"Shading Mode"},"sceneLighting":true,"audioPlay":false,"sceneViewState":{"showFog":true,"showMaterialUpdate":true,"showSkybox":true,"showFlares":true,"showImageEffects":true,"showParticleSystems":true},"in2DMode":false,"pivot":{"x":-51.75456237792969,"y":-0.046756863594055179,"z":0.14840152859687806},"rotation":{"x":-0.12109852582216263,"y":0.173860564827919,"z":-0.02154429629445076,"w":-0.9770585894584656},"size":30.498981475830079,"orthographic":true}