{"cameraMode":{"drawMode":0,"name":"Shaded","section":"Shading Mode"},"sceneLighting":true,"audioPlay":false,"sceneViewState":{"showFog":true,"showMaterialUpdate":true,"showSkybox":true,"showFlares":true,"showImageEffects":true,"showParticleSystems":true},"in2DMode":false,"pivot":{"x":0.22699999809265138,"y":0.10716782510280609,"z":0.424401193857193},"rotation":{"x":-0.15828633308410645,"y":0.32281801104545596,"z":-0.05484449490904808,"w":-0.9315181374549866},"size":15.166960716247559,"orthographic":true}