{"cameraMode":{"drawMode":0,"name":"Shaded","section":"Shading Mode"},"sceneLighting":true,"audioPlay":false,"sceneViewState":{"showFog":true,"showMaterialUpdate":true,"showSkybox":true,"showFlares":true,"showImageEffects":true,"showParticleSystems":true},"in2DMode":false,"pivot":{"x":0.22699999809265138,"y":0.10716782510280609,"z":0.424401193857193},"rotation":{"x":-0.2066425234079361,"y":0.1799306571483612,"z":-0.03868276625871658,"w":-0.9609513878822327},"size":8.189745903015137,"orthographic":true}