{"cameraMode":{"drawMode":0,"name":"Shaded","section":"Shading Mode"},"sceneLighting":true,"audioPlay":false,"sceneViewState":{"showFog":true,"showMaterialUpdate":true,"showSkybox":true,"showFlares":true,"showImageEffects":true,"showParticleSystems":true},"in2DMode":false,"pivot":{"x":-16.368160247802736,"y":5.170056343078613,"z":9.86998462677002},"rotation":{"x":-0.014126351103186608,"y":0.3862382173538208,"z":-0.005907627288252115,"w":-0.9222719669342041},"size":13.11803913116455,"orthographic":true}